sensor_id,median_total_gain_db,median_correction_gain_db,max_abs_correction_gain_db,median_additive_noise_db,median_residual_std_db,low_information_fraction,gain_cap_fraction,noise_zero_fraction
Node1,-0.7869506543292847,-0.7869506543292847,9.001785848759628,-72.25024522227368,-70.0,0.9306640625,0.0,0.0
Node3,2.081281426917063,2.081281426917063,8.569318327929047,-69.70921707490247,-70.0,0.9296875,0.0,0.0
Node4,-3.1148000174531747,-3.1148000174531747,11.423581034032376,-74.89142512545546,-70.0,0.9453125,0.0,0.0
Node5,1.9589672778609364,1.9589672778609364,11.031404356331807,-70.25539590784447,-66.23703097428401,0.9560546875,0.0,0.0
