sensor_id,median_total_gain_db,median_correction_gain_db,max_abs_correction_gain_db,median_additive_noise_db,median_residual_std_db,low_information_fraction,gain_cap_fraction,noise_zero_fraction
Node1,-0.5732483293303785,-0.5732483293303785,6.263238286138305,-68.25608266969286,-70.0,0.90625,0.0,0.0
Node3,2.1712116737918272,2.1712116737918272,7.237751755978255,-65.96079629173471,-70.0,0.91796875,0.0,0.0
Node4,-3.4291942099723904,-3.4291942099723904,10.063730396429037,-71.27291080344392,-70.0,0.90625,0.0,0.0
Node5,2.000365927966846,2.000365927966846,8.347602418865769,-65.32572899971987,-64.93891731154616,0.94921875,0.0,0.0
