sensor_id,reference_weight,embedding_norm,campaigns_seen,median_training_gain_db,median_training_additive_noise_db,median_training_residual_std_db
Node1,0.14285714285714285,1.8933575679535153,9,-2.2046169184732918,-65.13478446598413,-32.44762965275307
Node2,0.14285714285714285,0.729824226485831,13,-2.3055682560873514,-64.49596114150677,-32.44762821844587
Node3,0.14285714285714285,1.3626502693320122,13,-0.6604070907032686,-60.4332993321962,-32.447630925184725
Node4,0.14285714285714285,1.1239337017766473,1,1.935118100319707,-73.6064318319053,-32.44763610568456
Node5,0.14285714285714285,0.9377167676828687,13,-0.9034904198047993,-63.397112652096084,-32.44762957664048
Node7,0.14285714285714285,1.2414089206249614,1,1.9375229068015898,-74.24698563772343,-32.44763588421347
Node8,0.14285714285714285,1.2562711622265335,1,2.2293697049167345,-71.78466760266488,-32.44763616397417
