sensor_id,reference_weight,embedding_norm,campaigns_seen,median_training_gain_db,median_training_additive_noise_db,median_training_residual_std_db
Node1,0.25,0.9096404889628231,11,-0.06682737523885762,-72.98634783037826,-38.81710512561859
Node2,0.25,1.6089699877317714,17,0.026555425340710648,-71.56283573022212,-38.81697595658135
Node3,0.25,1.687721744598815,14,1.0076481766044258,-69.44456679922294,-38.81698585645769
Node5,0.25,0.7533499293198076,14,-0.967184171923679,-68.7639948059693,-38.81686646579932
