sensor_id,reference_weight,embedding_norm,campaigns_seen,median_training_gain_db,median_training_additive_noise_db,median_training_residual_std_db
Node1,0.25,1.0426088556324338,5,-0.8930567219037451,-74.6792317684848,-31.18698082555941
Node2,0.25,1.9693931267357692,5,0.4001673709124891,-75.6707625122248,-31.186982781777658
Node3,0.25,2.4726885559795484,5,0.9275368101221492,-73.14338019214858,-31.186984120180085
Node5,0.25,0.4036782239644498,5,-1.46728463103827,-74.97951909385341,-31.186979176079042
