sensor_id,reference_weight,embedding_norm,campaigns_seen,median_training_gain_db,median_training_additive_noise_db,median_training_residual_std_db
Node1,0.25,1.0426088552573094,5,-0.893056721679803,-74.6792317547006,-31.18698082555942
Node2,0.25,1.9693931253732746,5,0.4001673700096428,-75.67076249084364,-31.186982781777655
Node3,0.25,2.4726885558236553,5,0.9275368126816461,-73.14338017957472,-31.186984120180085
Node5,0.25,0.4036782235298533,5,-1.4672846266499646,-74.97951907452631,-31.18697917607906
