sensor_id,reference_weight,embedding_norm,campaigns_seen,median_training_gain_db,median_training_additive_noise_db,median_training_residual_std_db
Node1,0.25,1.4954160801216476,12,0.47055387314066854,-79.20153013120972,-32.308522631767744
Node2,0.25,0.8285193590798773,18,0.07745434907245491,-77.13818787046262,-32.30852009517871
Node3,0.25,1.395732324067801,15,-0.1017126744882036,-72.24187012571971,-32.30852255111205
Node5,0.25,0.8302645186331713,15,-0.2158728990514363,-74.09869911523108,-32.308519736654674
