sensor_id,reference_weight,embedding_norm,campaigns_seen,median_training_gain_db,median_training_additive_noise_db,median_training_residual_std_db
Node1,0.14285714285714285,0.7960661267589186,4,-5.367921569350436,-65.28339419562697,-38.624787441601875
Node2,0.14285714285714285,1.062865257528345,8,-3.9502205115009366,-64.65779660991521,-38.62471059633779
Node3,0.14285714285714285,1.8357228999401005,8,0.7256184950887867,-63.7740885146257,-38.624751575657726
Node4,0.14285714285714285,2.2631924269801247,1,4.507663894272007,-70.83255700100887,-38.62499491519149
Node5,0.14285714285714285,1.7017559066392969,8,-5.040483485825327,-62.5272071723827,-38.6246809053536
Node7,0.14285714285714285,2.1429424821136536,1,4.241022072941875,-70.94045567082128,-38.62499193076897
Node8,0.14285714285714285,2.153966418999895,1,4.778082770558359,-69.78299965942614,-38.62503117365196
