sensor_id,reference_weight,embedding_norm,campaigns_seen,median_training_gain_db,median_training_additive_noise_db,median_training_residual_std_db
Node1,0.25,1.1075114807867201,6,-0.8706282466119217,-74.55801713984502,-31.45472798814184
Node2,0.25,1.8638196157529234,6,0.6399751576294894,-75.27029418531885,-31.454730591762132
Node3,0.25,1.9918768313211124,6,0.46953201407421424,-73.14699400980655,-31.45473223949675
Node5,0.25,0.38712514001195614,6,-1.4297910937377156,-74.7304462191663,-31.454726689335452
