sensor_id,reference_weight,embedding_norm,campaigns_seen,median_training_gain_db,median_training_additive_noise_db,median_training_residual_std_db
Node1,0.25,0.5723369146478002,14,-1.2155383086706602,-66.7422608264953,-38.95630702171815
Node2,0.25,0.7040823218985216,20,-0.5312506184984805,-63.928628729897056,-38.95618869915543
Node3,0.25,0.8510563425874734,16,2.4569945203989354,-60.69053314314698,-38.95615769930511
Node5,0.25,0.9789288863429333,14,-0.6437577188567756,-59.53129056989053,-38.95606836164163
