sensor_id,reference_weight,embedding_norm,campaigns_seen,median_training_gain_db,median_training_additive_noise_db,median_training_residual_std_db
Node2,0.25,1.6910613804416255,13,-3.2314206354086124,-67.90070654061492,-32.35295466070165
Node3,0.25,0.6908330346613509,13,-0.68592517657599,-66.66857858979708,-32.35296088410777
Node4,0.25,1.0651530322348584,1,1.364602067667517,-71.20603281045253,-32.35296145131184
Node8,0.25,1.1361655400810136,1,1.7054827206895236,-71.26982093843455,-32.35296145685298
