sensor_id,reference_weight,embedding_norm,campaigns_seen,median_training_gain_db,median_training_additive_noise_db,median_training_residual_std_db
Node1,0.25,0.3819630125064126,8,-0.7892635710785076,-68.02694456819019,-34.94861488947905
Node2,0.25,1.2162799714363464,13,-1.1026178501869999,-66.68527286855246,-34.94861205812314
Node3,0.25,1.4615819431266996,13,2.8320199121240996,-63.061276616913226,-34.94863468790455
Node5,0.25,0.6837464966068256,13,-1.1183171292795016,-64.55334833153184,-34.94861317139967
