sensor_id,reference_weight,embedding_norm,campaigns_seen,median_training_gain_db,median_training_additive_noise_db,median_training_residual_std_db
Node1,0.16666666666666666,0.8210438106140517,9,0.08896961387369731,-72.45058627077378,-32.47677562247462
Node2,0.16666666666666666,0.3815302600456274,13,-0.5369583154681563,-69.86773510738828,-32.47677556059725
Node3,0.16666666666666666,0.45894924648955265,13,0.19405472390208725,-65.84289749908686,-32.47678301300468
Node4,0.16666666666666666,0.36066470854991944,1,0.1733897332389249,-77.18802080300861,-32.47678723411657
Node7,0.16666666666666666,0.24353890932052907,1,0.18945820976263175,-77.47415479989596,-32.47678698200533
Node8,0.16666666666666666,0.31923791012834324,1,0.3833333242295624,-73.70955826309088,-32.476787290724076
