sensor_id,median_total_gain_db,median_correction_gain_db,max_abs_correction_gain_db,median_additive_noise_db,median_residual_std_db,low_information_fraction,gain_cap_fraction,noise_zero_fraction
Node1,-0.16793588168512258,-0.16793588168512258,9.398399691541114,-76.21318333165414,-70.0,0.9093017578125,0.0,0.0
Node3,0.5044018795753409,0.5044018795753409,10.44221902155633,-75.58396481457034,-70.0,0.90924072265625,0.0,0.0
Node4,-0.3192485187895929,-0.3192485187895929,11.981286091046893,-76.3468968343605,-70.0,0.9093017578125,0.0006103515625,0.0
