sensor_id,reference_weight,embedding_norm,campaigns_seen,median_training_gain_db,median_training_additive_noise_db,median_training_residual_std_db
Node1,0.25,1.3241010634068235,12,0.362066446599449,-78.54710649122629,-32.28178907899476
Node2,0.25,0.7602914327033315,18,-0.018524464385662243,-76.55717197928578,-32.281786319071756
Node3,0.25,1.0654986676630442,15,-0.037522408682237746,-71.77677159559873,-32.2817886015428
Node5,0.25,0.8099615678452212,15,-0.02462491042198286,-72.61909583289349,-32.28178592024467
