node,rows_total,rows_train,rows_test,rows_train_clean,rows_test_clean,mae_test_baseline_db,mae_test_H_db,mae_test_H_plus_Ahat_db,mae_test_inverse_db,freq_stride,x_knots,states,status
Node1-Bogota,105,73,32,71,31,0.9664735794067383,0.4921615105266728,0.5037783973438801,0.40288494735734126,16,21,6,fitted
Node10-Bogota,104,72,32,69,31,0.8524055480957031,0.49334686486296064,0.5921346397362957,0.459433236762818,16,21,6,fitted
Node2-Bogota,105,73,32,72,32,0.7827863693237305,0.5404057291791196,0.5338637022547026,0.44138272918770216,16,21,6,fitted
Node3-Bogota,105,73,32,73,32,2.3838367462158203,0.5511987967084533,0.5652262018632506,0.4323960470190169,16,21,6,fitted
Node4-Bogota,105,73,32,72,29,0.8074779510498047,0.45505246635555174,0.4727280920790129,0.37753721289777076,16,21,6,fitted
Node5-Bogota,105,73,32,71,31,0.7394113540649414,0.4235868601835975,0.4276478697163171,0.3597549374181863,16,21,6,fitted
Node6-Bogota,105,73,32,71,32,1.665313720703125,0.4698658765748487,0.4736512169357425,0.39676301503535605,16,21,6,fitted
Node8-Bogota,23,16,7,14,7,0.8461055755615234,0.36609414196753676,0.3594920806182458,0.3807866942395499,16,21,6,fitted
Node9-Funza,105,0,0,0,0,,,,,16,21,6,skipped_no_overlap
