{
  "acquisition_dir": "/home/marti/Code/MeasurementCalibration/data/campaigns/MeasurementCalibration",
  "artifact_type": "spectral_calibration_model",
  "created_at_utc": "2026-03-11T13:54:31.669031+00:00",
  "dataset": {
    "alignment_median_error_ms": {
      "Node1": 119.0,
      "Node2": 344.0,
      "Node3": 148.0,
      "Node5": 942.0,
      "Node9": 855.0
    },
    "experiment_timestamp_range_ms": [
      1773187208428,
      1773208688722
    ],
    "n_experiments": 179,
    "n_frequencies": 4096,
    "n_sensors": 5,
    "selected_band_hz": [
      88000000.0,
      108000000.0
    ],
    "selected_rows_per_sensor": {
      "Node1": 179,
      "Node2": 179,
      "Node3": 179,
      "Node5": 179,
      "Node9": 179
    },
    "sensor_ids": [
      "Node1",
      "Node2",
      "Node3",
      "Node5",
      "Node9"
    ],
    "sensor_shifts": {
      "Node1": 0,
      "Node2": 0,
      "Node3": 0,
      "Node5": 0,
      "Node9": 0
    }
  },
  "excluded_sensor_ids": [],
  "extra_summary": {
    "corrected_mean_sensor_std_db": 0.38726809049527977,
    "corrected_to_raw_dispersion_ratio": 0.3028205866425831,
    "distribution_best_similarity": 0.7740054772299616,
    "distribution_outlier_count": 2.0,
    "fit_duration_s": 1.3111414360000708,
    "raw_mean_sensor_std_db": 1.278869758456579,
    "recordwise_best_mean_correlation": 0.8704134208889908,
    "test_fraction": 0.2
  },
  "fit_config": {
    "lambda_gain_reference": 4.0,
    "lambda_gain_smooth": 120.0,
    "lambda_noise_reference": 60.0,
    "lambda_noise_smooth": 180.0,
    "lambda_reliable_anchor": 1.0,
    "low_information_threshold_ratio": 0.1,
    "low_information_weight": 0.05,
    "max_correction_db": 12.0,
    "min_variance": 1e-14,
    "n_iterations": 6,
    "reliable_weight_boost": 1.1
  },
  "fit_split": {
    "test_indices": [
      143,
      144,
      145,
      146,
      147,
      148,
      149,
      150,
      151,
      152,
      153,
      154,
      155,
      156,
      157,
      158,
      159,
      160,
      161,
      162,
      163,
      164,
      165,
      166,
      167,
      168,
      169,
      170,
      171,
      172,
      173,
      174,
      175,
      176,
      177,
      178
    ],
    "train_indices": [
      0,
      1,
      2,
      3,
      4,
      5,
      6,
      7,
      8,
      9,
      10,
      11,
      12,
      13,
      14,
      15,
      16,
      17,
      18,
      19,
      20,
      21,
      22,
      23,
      24,
      25,
      26,
      27,
      28,
      29,
      30,
      31,
      32,
      33,
      34,
      35,
      36,
      37,
      38,
      39,
      40,
      41,
      42,
      43,
      44,
      45,
      46,
      47,
      48,
      49,
      50,
      51,
      52,
      53,
      54,
      55,
      56,
      57,
      58,
      59,
      60,
      61,
      62,
      63,
      64,
      65,
      66,
      67,
      68,
      69,
      70,
      71,
      72,
      73,
      74,
      75,
      76,
      77,
      78,
      79,
      80,
      81,
      82,
      83,
      84,
      85,
      86,
      87,
      88,
      89,
      90,
      91,
      92,
      93,
      94,
      95,
      96,
      97,
      98,
      99,
      100,
      101,
      102,
      103,
      104,
      105,
      106,
      107,
      108,
      109,
      110,
      111,
      112,
      113,
      114,
      115,
      116,
      117,
      118,
      119,
      120,
      121,
      122,
      123,
      124,
      125,
      126,
      127,
      128,
      129,
      130,
      131,
      132,
      133,
      134,
      135,
      136,
      137,
      138,
      139,
      140,
      141,
      142
    ]
  },
  "parameters_file": "calibration_parameters.npz",
  "reference_sensor_id": "Node5",
  "reliable_sensor_id": "Node2",
  "response_dir": null,
  "result_summary": {
    "gain_cap_fraction": 0.000927734375,
    "global_low_information_fraction": 0.02783203125,
    "noise_zero_fraction": 0.0,
    "objective_end": -23559171.371506687,
    "objective_start": -21466857.78290453,
    "sensor_low_information_fraction": 0.43212890625,
    "solver_nonfinite_step_count": 0,
    "test_experiments": 36,
    "train_experiments": 143
  },
  "schema_version": 1,
  "sensor_summary_file": "sensor_summary.csv"
}
