sensor_id,median_total_gain_db,median_correction_gain_db,max_abs_correction_gain_db,median_additive_noise_db,median_residual_std_db,low_information_fraction,gain_cap_fraction,noise_zero_fraction,solver_nonfinite_step_count
Node1,-0.7086679522337302,-0.7086679522337302,6.941344062904291,-32.27699309924962,-36.99897240307898,0.418212890625,0.0,0.0,0
Node2,-0.24968580311897662,-0.24968580311897662,6.159941334734054,-32.114693753018784,-38.3553356910896,0.359130859375,0.0,0.0,0
Node3,0.04236741926423432,0.04236741926423432,6.75761128798675,-31.782500004148524,-36.15790848340872,0.37890625,0.0,0.0,0
Node5,0.19775035748583614,0.19775035748583614,7.053894673279625,-31.73098761898863,-35.31773037761571,0.4453125,0.0,0.0,0
Node9,0.9248352742515361,0.9248352742515361,7.5431667205832165,-31.042513973674446,-34.96553939397248,0.458740234375,0.0,0.0,0
